www.ncbi.nlm.nih.gov,25624790
www.ijmr.org.in,21985819
academic.oup.com,24617660
academic.oup.com,22240244
academic.oup.com,21714979
www.jisponline.com,20376232
academic.oup.com,21622536
academic.oup.com,21459774
www.jgid.org,20300411
www.ncbi.nlm.nih.gov,21218060
academic.oup.com,20484413
www.fasebj.org,18716032
www.fasebj.org,18711027
www.phcogres.com,22224050
www.fasebj.org,19001054
www.joacp.org,21897497
www.fasebj.org,21865316
www.fasebj.org,21846838
"error:<urlopen error [WinError 10060] A connection attempt failed because the connected party did not properly respond after a period of time, or established connection failed because connected host has failed to respond>",23493097
